<?xml version="1.0" encoding="UTF-8"?>
<GenRun Id="impl_1" LaunchPart="xc7a35tcpg236-1" LaunchTime="1685512396">
  <File Type="BITSTR-BMM" Name="Shift_Register_4_str_bd.bmm"/>
  <File Type="OPT-METHODOLOGY-DRC" Name="Shift_Register_4_str_methodology_drc_opted.rpt"/>
  <File Type="INIT-TIMING" Name="Shift_Register_4_str_timing_summary_init.rpt"/>
  <File Type="ROUTE-PWR" Name="Shift_Register_4_str_power_routed.rpt"/>
  <File Type="PA-TCL" Name="Shift_Register_4_str.tcl"/>
  <File Type="OPT-TIMING" Name="Shift_Register_4_str_timing_summary_opted.rpt"/>
  <File Type="OPT-DCP" Name="Shift_Register_4_str_opt.dcp"/>
  <File Type="ROUTE-PWR-SUM" Name="Shift_Register_4_str_power_summary_routed.pb"/>
  <File Type="REPORTS-TCL" Name="Shift_Register_4_str_reports.tcl"/>
  <File Type="OPT-DRC" Name="Shift_Register_4_str_drc_opted.rpt"/>
  <File Type="OPT-HWDEF" Name="Shift_Register_4_str.hwdef"/>
  <File Type="PWROPT-DCP" Name="Shift_Register_4_str_pwropt.dcp"/>
  <File Type="PWROPT-DRC" Name="Shift_Register_4_str_drc_pwropted.rpt"/>
  <File Type="PWROPT-TIMING" Name="Shift_Register_4_str_timing_summary_pwropted.rpt"/>
  <File Type="PLACE-DCP" Name="Shift_Register_4_str_placed.dcp"/>
  <File Type="PLACE-IO" Name="Shift_Register_4_str_io_placed.rpt"/>
  <File Type="PLACE-CLK" Name="Shift_Register_4_str_clock_utilization_placed.rpt"/>
  <File Type="PLACE-UTIL" Name="Shift_Register_4_str_utilization_placed.rpt"/>
  <File Type="PLACE-UTIL-PB" Name="Shift_Register_4_str_utilization_placed.pb"/>
  <File Type="PLACE-CTRL" Name="Shift_Register_4_str_control_sets_placed.rpt"/>
  <File Type="PLACE-SIMILARITY" Name="Shift_Register_4_str_incremental_reuse_placed.rpt"/>
  <File Type="PLACE-PRE-SIMILARITY" Name="Shift_Register_4_str_incremental_reuse_pre_placed.rpt"/>
  <File Type="PLACE-TIMING" Name="Shift_Register_4_str_timing_summary_placed.rpt"/>
  <File Type="POSTPLACE-PWROPT-DCP" Name="Shift_Register_4_str_postplace_pwropt.dcp"/>
  <File Type="BG-BIN" Name="Shift_Register_4_str.bin"/>
  <File Type="POSTPLACE-PWROPT-TIMING" Name="Shift_Register_4_str_timing_summary_postplace_pwropted.rpt"/>
  <File Type="PHYSOPT-DCP" Name="Shift_Register_4_str_physopt.dcp"/>
  <File Type="PHYSOPT-DRC" Name="Shift_Register_4_str_drc_physopted.rpt"/>
  <File Type="BITSTR-MSK" Name="Shift_Register_4_str.msk"/>
  <File Type="PHYSOPT-TIMING" Name="Shift_Register_4_str_timing_summary_physopted.rpt"/>
  <File Type="ROUTE-ERROR-DCP" Name="Shift_Register_4_str_routed_error.dcp"/>
  <File Type="ROUTE-DCP" Name="Shift_Register_4_str_routed.dcp"/>
  <File Type="ROUTE-BLACKBOX-DCP" Name="Shift_Register_4_str_routed_bb.dcp"/>
  <File Type="ROUTE-DRC" Name="Shift_Register_4_str_drc_routed.rpt"/>
  <File Type="ROUTE-DRC-PB" Name="Shift_Register_4_str_drc_routed.pb"/>
  <File Type="ROUTE-DRC-RPX" Name="Shift_Register_4_str_drc_routed.rpx"/>
  <File Type="BITSTR-MMI" Name="Shift_Register_4_str.mmi"/>
  <File Type="ROUTE-METHODOLOGY-DRC" Name="Shift_Register_4_str_methodology_drc_routed.rpt"/>
  <File Type="ROUTE-METHODOLOGY-DRC-RPX" Name="Shift_Register_4_str_methodology_drc_routed.rpx"/>
  <File Type="ROUTE-METHODOLOGY-DRC-PB" Name="Shift_Register_4_str_methodology_drc_routed.pb"/>
  <File Type="ROUTE-PWR-RPX" Name="Shift_Register_4_str_power_routed.rpx"/>
  <File Type="ROUTE-STATUS" Name="Shift_Register_4_str_route_status.rpt"/>
  <File Type="ROUTE-STATUS-PB" Name="Shift_Register_4_str_route_status.pb"/>
  <File Type="ROUTE-TIMINGSUMMARY" Name="Shift_Register_4_str_timing_summary_routed.rpt"/>
  <File Type="ROUTE-TIMING-PB" Name="Shift_Register_4_str_timing_summary_routed.pb"/>
  <File Type="ROUTE-TIMING-RPX" Name="Shift_Register_4_str_timing_summary_routed.rpx"/>
  <File Type="ROUTE-SIMILARITY" Name="Shift_Register_4_str_incremental_reuse_routed.rpt"/>
  <File Type="ROUTE-CLK" Name="Shift_Register_4_str_clock_utilization_routed.rpt"/>
  <File Type="ROUTE-BUS-SKEW" Name="Shift_Register_4_str_bus_skew_routed.rpt"/>
  <File Type="ROUTE-BUS-SKEW-PB" Name="Shift_Register_4_str_bus_skew_routed.pb"/>
  <File Type="ROUTE-BUS-SKEW-RPX" Name="Shift_Register_4_str_bus_skew_routed.rpx"/>
  <File Type="POSTROUTE-PHYSOPT-DCP" Name="Shift_Register_4_str_postroute_physopt.dcp"/>
  <File Type="POSTROUTE-PHYSOPT-BLACKBOX-DCP" Name="Shift_Register_4_str_postroute_physopt_bb.dcp"/>
  <File Type="POSTROUTE-PHYSOPT-TIMING" Name="Shift_Register_4_str_timing_summary_postroute_physopted.rpt"/>
  <File Type="POSTROUTE-PHYSOPT-TIMING-PB" Name="Shift_Register_4_str_timing_summary_postroute_physopted.pb"/>
  <File Type="POSTROUTE-PHYSOPT-TIMING-RPX" Name="Shift_Register_4_str_timing_summary_postroute_physopted.rpx"/>
  <File Type="POSTROUTE-PHYSOPT-BUS-SKEW" Name="Shift_Register_4_str_bus_skew_postroute_physopted.rpt"/>
  <File Type="POSTROUTE-PHYSOPT-BUS-SKEW-PB" Name="Shift_Register_4_str_bus_skew_postroute_physopted.pb"/>
  <File Type="BG-BIT" Name="Shift_Register_4_str.bit"/>
  <File Type="POSTROUTE-PHYSOPT-BUS-SKEW-RPX" Name="Shift_Register_4_str_bus_skew_postroute_physopted.rpx"/>
  <File Type="BITSTR-RBT" Name="Shift_Register_4_str.rbt"/>
  <File Type="BITSTR-NKY" Name="Shift_Register_4_str.nky"/>
  <File Type="PDI-FILE" Name="Shift_Register_4_str.pdi"/>
  <File Type="RCFI_FILE" Name="Shift_Register_4_str.rcfi"/>
  <File Type="CFI_FILE" Name="Shift_Register_4_str.cfi"/>
  <File Type="RNPI_FILE" Name="Shift_Register_4_str.rnpi"/>
  <File Type="NPI_FILE" Name="Shift_Register_4_str.npi"/>
  <File Type="RBD_FILE" Name="Shift_Register_4_str.rbd"/>
  <File Type="BITSTR-LTX" Name="debug_nets.ltx"/>
  <File Type="BITSTR-LTX" Name="Shift_Register_4_str.ltx"/>
  <File Type="BITSTR-SYSDEF" Name="Shift_Register_4_str.sysdef"/>
  <File Type="BG-BGN" Name="Shift_Register_4_str.bgn"/>
  <File Type="BG-DRC" Name="Shift_Register_4_str.drc"/>
  <File Type="RDI-RDI" Name="Shift_Register_4_str.vdi"/>
  <File Type="WBT-USG" Name="usage_statistics_webtalk.html"/>
  <FileSet Name="sources" Type="DesignSrcs" RelSrcDir="$PSRCDIR/sources_1" RelGenDir="$PGENDIR/sources_1">
    <Filter Type="Srcs"/>
    <File Path="$PPRDIR/../description of a 4-bit universal shift register.v">
      <FileInfo>
        <Attr Name="UsedIn" Val="synthesis"/>
        <Attr Name="UsedIn" Val="implementation"/>
        <Attr Name="UsedIn" Val="simulation"/>
      </FileInfo>
    </File>
    <File Path="$PPRDIR/../../3-8/Freq_gen.v">
      <FileInfo>
        <Attr Name="AutoDisabled" Val="1"/>
        <Attr Name="UsedIn" Val="synthesis"/>
        <Attr Name="UsedIn" Val="implementation"/>
        <Attr Name="UsedIn" Val="simulation"/>
      </FileInfo>
    </File>
    <File Path="$PPRDIR/../../6-2-3/top_shift.v">
      <FileInfo>
        <Attr Name="AutoDisabled" Val="1"/>
        <Attr Name="UsedIn" Val="synthesis"/>
        <Attr Name="UsedIn" Val="implementation"/>
        <Attr Name="UsedIn" Val="simulation"/>
      </FileInfo>
    </File>
    <Config>
      <Option Name="DesignMode" Val="RTL"/>
      <Option Name="TopModule" Val="Shift_Register_4_str"/>
      <Option Name="TopAutoSet" Val="TRUE"/>
    </Config>
  </FileSet>
  <FileSet Name="constrs_in" Type="Constrs" RelSrcDir="$PSRCDIR/constrs_1">
    <Filter Type="Constrs"/>
    <File Path="$PPRDIR/../../6-2-3/Switches.xdc">
      <FileInfo>
        <Attr Name="UsedIn" Val="synthesis"/>
        <Attr Name="UsedIn" Val="implementation"/>
      </FileInfo>
    </File>
    <Config>
      <Option Name="ConstrsType" Val="XDC"/>
    </Config>
  </FileSet>
  <FileSet Name="utils" Type="Utils" RelSrcDir="$PSRCDIR/utils_1">
    <Filter Type="Utils"/>
    <Config>
      <Option Name="TopAutoSet" Val="TRUE"/>
    </Config>
  </FileSet>
  <Strategy Version="1" Minor="2">
    <StratHandle Name="Vivado Implementation Defaults" Flow="Vivado Implementation 2020">
      <Desc>Default settings for Implementation.</Desc>
    </StratHandle>
    <Step Id="init_design"/>
    <Step Id="opt_design"/>
    <Step Id="power_opt_design"/>
    <Step Id="place_design"/>
    <Step Id="post_place_power_opt_design"/>
    <Step Id="phys_opt_design"/>
    <Step Id="route_design"/>
    <Step Id="post_route_phys_opt_design"/>
    <Step Id="write_bitstream"/>
  </Strategy>
</GenRun>
