<?xml version="1.0" encoding="UTF-8"?>
<GenRun Id="impl_1" LaunchPart="xc7a35tcpg236-1" LaunchTime="1685432143">
  <File Type="ROUTE-PWR" Name="top_shift_power_routed.rpt"/>
  <File Type="PA-TCL" Name="top_shift.tcl"/>
  <File Type="ROUTE-PWR-SUM" Name="top_shift_power_summary_routed.pb"/>
  <File Type="REPORTS-TCL" Name="top_shift_reports.tcl"/>
  <File Type="BITSTR-MSK" Name="top_shift.msk"/>
  <File Type="ROUTE-CLK" Name="top_shift_clock_utilization_routed.rpt"/>
  <File Type="RDI-RDI" Name="top_shift.vdi"/>
  <File Type="BG-BIT" Name="top_shift.bit"/>
  <File Type="BG-DRC" Name="top_shift.drc"/>
  <File Type="BG-BGN" Name="top_shift.bgn"/>
  <File Type="BG-BIN" Name="top_shift.bin"/>
  <File Type="BITSTR-RBT" Name="top_shift.rbt"/>
  <File Type="BITSTR-NKY" Name="top_shift.nky"/>
  <File Type="BITSTR-BMM" Name="top_shift_bd.bmm"/>
  <File Type="ROUTE-METHODOLOGY-DRC" Name="top_shift_methodology_drc_routed.rpt"/>
  <File Type="BITSTR-MMI" Name="top_shift.mmi"/>
  <File Type="BITSTR-SYSDEF" Name="top_shift.sysdef"/>
  <File Type="BITSTR-LTX" Name="debug_nets.ltx"/>
  <File Type="BITSTR-LTX" Name="top_shift.ltx"/>
  <File Type="WBT-USG" Name="usage_statistics_webtalk.html"/>
  <File Type="OPT-DRC" Name="top_shift_drc_opted.rpt"/>
  <File Type="OPT-HWDEF" Name="top_shift.hwdef"/>
  <File Type="PLACE-IO" Name="top_shift_io_placed.rpt"/>
  <File Type="PLACE-UTIL" Name="top_shift_utilization_placed.rpt"/>
  <File Type="PLACE-UTIL-PB" Name="top_shift_utilization_placed.pb"/>
  <File Type="PLACE-CTRL" Name="top_shift_control_sets_placed.rpt"/>
  <File Type="PLACE-PRE-SIMILARITY" Name="top_shift_incremental_reuse_pre_placed.rpt"/>
  <File Type="ROUTE-DRC" Name="top_shift_drc_routed.rpt"/>
  <File Type="ROUTE-DRC-PB" Name="top_shift_drc_routed.pb"/>
  <File Type="ROUTE-PWR-RPX" Name="top_shift_power_routed.rpx"/>
  <File Type="ROUTE-STATUS" Name="top_shift_route_status.rpt"/>
  <File Type="ROUTE-STATUS-PB" Name="top_shift_route_status.pb"/>
  <File Type="ROUTE-DCP" Name="top_shift_routed.dcp"/>
  <File Type="ROUTE-ERROR-DCP" Name="top_shift_routed_error.dcp"/>
  <File Type="ROUTE-BLACKBOX-DCP" Name="top_shift_routed_bb.dcp"/>
  <File Type="ROUTE-TIMINGSUMMARY" Name="top_shift_timing_summary_routed.rpt"/>
  <File Type="ROUTE-TIMING-PB" Name="top_shift_timing_summary_routed.pb"/>
  <File Type="ROUTE-TIMING-RPX" Name="top_shift_timing_summary_routed.rpx"/>
  <File Type="ROUTE-BUS-SKEW" Name="top_shift_bus_skew_routed.rpt"/>
  <File Type="ROUTE-BUS-SKEW-PB" Name="top_shift_bus_skew_routed.pb"/>
  <File Type="ROUTE-BUS-SKEW-RPX" Name="top_shift_bus_skew_routed.rpx"/>
  <File Type="OPT-DCP" Name="top_shift_opt.dcp"/>
  <File Type="PLACE-DCP" Name="top_shift_placed.dcp"/>
  <File Type="PWROPT-DCP" Name="top_shift_pwropt.dcp"/>
  <File Type="POSTPLACE-PWROPT-DCP" Name="top_shift_postplace_pwropt.dcp"/>
  <File Type="PHYSOPT-DCP" Name="top_shift_physopt.dcp"/>
  <File Type="POSTROUTE-PHYSOPT-DCP" Name="top_shift_postroute_physopt.dcp"/>
  <File Type="POSTROUTE-PHYSOPT-BLACKBOX-DCP" Name="top_shift_postroute_physopt_bb.dcp"/>
  <File Type="ROUTE-METHODOLOGY-DRC-PB" Name="top_shift_methodology_drc_routed.pb"/>
  <File Type="ROUTE-DRC-RPX" Name="top_shift_drc_routed.rpx"/>
  <File Type="ROUTE-METHODOLOGY-DRC-RPX" Name="top_shift_methodology_drc_routed.rpx"/>
  <File Type="PDI-FILE" Name="top_shift.pdi"/>
  <File Type="RCFI_FILE" Name="top_shift.rcfi"/>
  <File Type="CFI_FILE" Name="top_shift.cfi"/>
  <File Type="RNPI_FILE" Name="top_shift.rnpi"/>
  <File Type="NPI_FILE" Name="top_shift.npi"/>
  <File Type="RBD_FILE" Name="top_shift.rbd"/>
  <FileSet Name="sources" Type="DesignSrcs" RelSrcDir="$PSRCDIR/sources_1" RelGenDir="$PGENDIR/sources_1">
    <Filter Type="Srcs"/>
    <File Path="$PPRDIR/../lab6-2-1/Shift_Register_4_beh.v">
      <FileInfo>
        <Attr Name="UsedIn" Val="synthesis"/>
        <Attr Name="UsedIn" Val="implementation"/>
        <Attr Name="UsedIn" Val="simulation"/>
      </FileInfo>
    </File>
    <File Path="$PPRDIR/../lab6-2-2/top_shift.v">
      <FileInfo>
        <Attr Name="UsedIn" Val="synthesis"/>
        <Attr Name="UsedIn" Val="implementation"/>
        <Attr Name="UsedIn" Val="simulation"/>
      </FileInfo>
    </File>
    <File Path="$PPRDIR/../lab6-2-2/description of a 4-bit universal shift register.v">
      <FileInfo>
        <Attr Name="AutoDisabled" Val="1"/>
        <Attr Name="UsedIn" Val="synthesis"/>
        <Attr Name="UsedIn" Val="implementation"/>
        <Attr Name="UsedIn" Val="simulation"/>
      </FileInfo>
    </File>
    <File Path="$PPRDIR/../Shift_Register_4_beh.v">
      <FileInfo>
        <Attr Name="AutoDisabled" Val="1"/>
        <Attr Name="UsedIn" Val="synthesis"/>
        <Attr Name="UsedIn" Val="implementation"/>
        <Attr Name="UsedIn" Val="simulation"/>
      </FileInfo>
    </File>
    <Config>
      <Option Name="DesignMode" Val="RTL"/>
      <Option Name="TopModule" Val="top_shift"/>
      <Option Name="TopAutoSet" Val="TRUE"/>
    </Config>
  </FileSet>
  <FileSet Name="constrs_in" Type="Constrs" RelSrcDir="$PSRCDIR/constrs_1">
    <Filter Type="Constrs"/>
    <File Path="$PPRDIR/../lab6-2-2/Switches.xdc">
      <FileInfo>
        <Attr Name="UsedIn" Val="synthesis"/>
        <Attr Name="UsedIn" Val="implementation"/>
      </FileInfo>
    </File>
    <Config>
      <Option Name="ConstrsType" Val="XDC"/>
    </Config>
  </FileSet>
  <FileSet Name="utils" Type="Utils" RelSrcDir="$PSRCDIR/utils_1">
    <Filter Type="Utils"/>
    <Config>
      <Option Name="TopAutoSet" Val="TRUE"/>
    </Config>
  </FileSet>
  <Strategy Version="1" Minor="2">
    <StratHandle Name="Vivado Implementation Defaults" Flow="Vivado Implementation 2020"/>
    <Step Id="init_design"/>
    <Step Id="opt_design"/>
    <Step Id="power_opt_design"/>
    <Step Id="place_design"/>
    <Step Id="post_place_power_opt_design"/>
    <Step Id="phys_opt_design"/>
    <Step Id="route_design"/>
    <Step Id="post_route_phys_opt_design"/>
    <Step Id="write_bitstream"/>
  </Strategy>
</GenRun>
