<?xml version="1.0" encoding="UTF-8"?>
<GenRun Id="impl_1" LaunchPart="xc7a35tcpg236-1" LaunchTime="1679463578">
  <File Type="PA-TCL" Name="ripple_carry_4_bit_adder.tcl"/>
  <File Type="REPORTS-TCL" Name="ripple_carry_4_bit_adder_reports.tcl"/>
  <File Type="BITSTR-MSK" Name="ripple_carry_4_bit_adder.msk"/>
  <File Type="RDI-RDI" Name="ripple_carry_4_bit_adder.vdi"/>
  <File Type="BG-BIT" Name="ripple_carry_4_bit_adder.bit"/>
  <File Type="BG-DRC" Name="ripple_carry_4_bit_adder.drc"/>
  <File Type="BG-BGN" Name="ripple_carry_4_bit_adder.bgn"/>
  <File Type="BG-BIN" Name="ripple_carry_4_bit_adder.bin"/>
  <File Type="BITSTR-RBT" Name="ripple_carry_4_bit_adder.rbt"/>
  <File Type="BITSTR-NKY" Name="ripple_carry_4_bit_adder.nky"/>
  <File Type="BITSTR-BMM" Name="ripple_carry_4_bit_adder_bd.bmm"/>
  <File Type="BITSTR-MMI" Name="ripple_carry_4_bit_adder.mmi"/>
  <File Type="BITSTR-SYSDEF" Name="ripple_carry_4_bit_adder.sysdef"/>
  <File Type="BITSTR-LTX" Name="debug_nets.ltx"/>
  <File Type="BITSTR-LTX" Name="ripple_carry_4_bit_adder.ltx"/>
  <File Type="RCFI_FILE" Name="ripple_carry_4_bit_adder.rcfi"/>
  <File Type="WBT-USG" Name="usage_statistics_webtalk.html"/>
  <File Type="OPT-HWDEF" Name="ripple_carry_4_bit_adder.hwdef"/>
  <File Type="PLACE-PRE-SIMILARITY" Name="ripple_carry_4_bit_adder_incremental_reuse_pre_placed.rpt"/>
  <File Type="ROUTE-DCP" Name="ripple_carry_4_bit_adder_routed.dcp"/>
  <File Type="ROUTE-ERROR-DCP" Name="ripple_carry_4_bit_adder_routed_error.dcp"/>
  <File Type="ROUTE-BLACKBOX-DCP" Name="ripple_carry_4_bit_adder_routed_bb.dcp"/>
  <File Type="ROUTE-TIMING-PB" Name="ripple_carry_4_bit_adder_timing_summary_routed.pb"/>
  <File Type="OPT-DCP" Name="ripple_carry_4_bit_adder_opt.dcp"/>
  <File Type="PLACE-DCP" Name="ripple_carry_4_bit_adder_placed.dcp"/>
  <File Type="PWROPT-DCP" Name="ripple_carry_4_bit_adder_pwropt.dcp"/>
  <File Type="POSTPLACE-PWROPT-DCP" Name="ripple_carry_4_bit_adder_postplace_pwropt.dcp"/>
  <File Type="PHYSOPT-DCP" Name="ripple_carry_4_bit_adder_physopt.dcp"/>
  <File Type="POSTROUTE-PHYSOPT-DCP" Name="ripple_carry_4_bit_adder_postroute_physopt.dcp"/>
  <File Type="POSTROUTE-PHYSOPT-BLACKBOX-DCP" Name="ripple_carry_4_bit_adder_postroute_physopt_bb.dcp"/>
  <File Type="PDI-FILE" Name="ripple_carry_4_bit_adder.pdi"/>
  <File Type="CFI_FILE" Name="ripple_carry_4_bit_adder.cfi"/>
  <File Type="RNPI_FILE" Name="ripple_carry_4_bit_adder.rnpi"/>
  <File Type="NPI_FILE" Name="ripple_carry_4_bit_adder.npi"/>
  <File Type="RBD_FILE" Name="ripple_carry_4_bit_adder.rbd"/>
  <FileSet Name="sources" Type="DesignSrcs" RelSrcDir="$PSRCDIR/sources_1" RelGenDir="$PGENDIR/sources_1">
    <Filter Type="Srcs"/>
    <File Path="$PPRDIR/../module half_adder.v">
      <FileInfo>
        <Attr Name="UsedIn" Val="synthesis"/>
        <Attr Name="UsedIn" Val="implementation"/>
        <Attr Name="UsedIn" Val="simulation"/>
      </FileInfo>
    </File>
    <File Path="$PPRDIR/../ripple_carry_4_bit_adder.v">
      <FileInfo>
        <Attr Name="UsedIn" Val="synthesis"/>
        <Attr Name="UsedIn" Val="implementation"/>
        <Attr Name="UsedIn" Val="simulation"/>
      </FileInfo>
    </File>
    <Config>
      <Option Name="DesignMode" Val="RTL"/>
      <Option Name="TopModule" Val="ripple_carry_4_bit_adder"/>
      <Option Name="TopAutoSet" Val="TRUE"/>
    </Config>
  </FileSet>
  <FileSet Name="constrs_in" Type="Constrs" RelSrcDir="$PSRCDIR/constrs_1">
    <Filter Type="Constrs"/>
    <File Path="$PSRCDIR/constrs_1/new/lab2_3.xdc">
      <FileInfo>
        <Attr Name="UsedIn" Val="synthesis"/>
        <Attr Name="UsedIn" Val="implementation"/>
      </FileInfo>
    </File>
    <Config>
      <Option Name="ConstrsType" Val="XDC"/>
    </Config>
  </FileSet>
  <FileSet Name="utils" Type="Utils" RelSrcDir="$PSRCDIR/utils_1">
    <Filter Type="Utils"/>
    <Config>
      <Option Name="TopAutoSet" Val="TRUE"/>
    </Config>
  </FileSet>
  <Strategy Version="1" Minor="2">
    <StratHandle Name="Vivado Implementation Defaults" Flow="Vivado Implementation 2020"/>
    <Step Id="init_design"/>
    <Step Id="opt_design"/>
    <Step Id="power_opt_design"/>
    <Step Id="place_design"/>
    <Step Id="post_place_power_opt_design"/>
    <Step Id="phys_opt_design"/>
    <Step Id="route_design"/>
    <Step Id="post_route_phys_opt_design"/>
    <Step Id="write_bitstream">
      <Option Id="BinFile">1</Option>
    </Step>
    <Step Id="write_device_image"/>
  </Strategy>
</GenRun>
